first_name,last_name,phone
Samantha,Hassan,+1555010343
Logan,Khan,+1555019418
Ava,Thompson,+1555015400
Ava,Rahman,+1555012989
Liam,Martin,+1555012586
Logan,Gonzalez,+1555017540
Cameron,Patel,+1555018965
Chloe,Singh,+1555012751
Ava,Rodriguez,+1555011255
Layla,Johnson,+1555010578
Mia,Rodriguez,+1555011084
Samantha,Harris,+1555014693
Taylor,Chan,+1555010534
Ava,Abdullah,+1555011264
Hakim,Sanchez,+1555014625
Nina,Rahman,+1555018541
Layla,Sanchez,+1555012183
Zara,Wilson,+1555014848
Logan,Lewis,+1555014103
Noah,Jones,+1555015141
Mason,Perez,+1555019153
Dylan,Thomas,+1555015072
Grace,Khan,+1555013188
Grace,Allen,+1555017469
Hafiz,Davis,+1555012828
Kevin,Wong,+1555019601
Amir,Sanchez,+1555012069
Olivia,Rodriguez,+1555014897
Melissa,Johnson,+1555017001
Alex,Jackson,+1555019645
Mia,Williams,+1555015527
Aisha,Young,+1555019248
Cameron,Ali,+1555016414
Samantha,Taylor,+1555017732
Arjun,King,+1555012088
Aisha,White,+1555014170
Mia,Davis,+1555013930
Ella,Perez,+1555011017
Olivia,King,+1555016822
Ryan,Anderson,+1555017024
Melissa,White,+1555015438
Cameron,Young,+1555018834
Hafiz,Ramirez,+1555018357
Melissa,Gonzalez,+1555011533
Olivia,Garcia,+1555010298
Logan,Thompson,+1555012801
Taylor,Sanchez,+1555010731
Noah,Garcia,+1555010983
Chloe,Ramirez,+1555016238
Isabella,Young,+1555017397
Ella,Anderson,+1555015231
Sophia,Ramirez,+1555015556
Nur,Wilson,+1555019301
Emma,Martinez,+1555019351
Ella,Ibrahim,+1555012487
Isabella,Lopez,+1555012347
Ella,Chan,+1555015681
Emma,Clark,+1555016901
Cameron,Othman,+1555012167
Jason,Rahman,+1555015102
Priya,Tan,+1555014947
Hannah,Lopez,+1555018987
Amir,Ibrahim,+1555013730
Fatima,Allen,+1555016905
Emma,Ng,+1555017478
Melissa,Patel,+1555010781
Ethan,Chan,+1555017613
Hafiz,Hassan,+1555017239
Layla,Lee,+1555017916
Ryan,Thompson,+1555017285
Grace,Rahman,+1555018553
Grace,Martinez,+1555011647
Michael,King,+1555010907
Irfan,Perez,+1555011218
Mason,Taylor,+1555013325
Olivia,Othman,+1555014742
Farah,Jackson,+1555019049
Dylan,Moore,+1555010184
Ryan,Ahmad,+1555011741
Sophia,Allen,+1555017024
Hannah,White,+1555012653
Alex,Sanchez,+1555013387
Grace,Ng,+1555011164
Noah,Tan,+1555014224
Zara,Allen,+1555015686
Yusuf,Tan,+1555011412
Jasmine,Lee,+1555014798
Amir,Lopez,+1555011604
Arjun,Lee,+1555014533
Ryan,Ahmad,+1555014586
Irfan,Allen,+1555011932
Ethan,Hernandez,+1555010325
Nur,Ramirez,+1555019434
Zara,Robinson,+1555011360
Jason,Abdullah,+1555012575
Daniel,Abdullah,+1555012803
Hafiz,Garcia,+1555013514
Nina,Clark,+1555016568
Sarah,Lim,+1555011442
Fatima,Johnson,+1555010419
